YEAR_MONTH,PASSENGERS CARRIED
2023 SEP,7867259.9861394605
2023 OCT,7867260.00081818
2023 NOV,7867260.007652775
2023 DEC,7867260.010816599
2024 JAN,7867260.012277255
2024 FEB,7867260.01295077
2024 MAR,7867260.013261154
2024 APR,7867260.013404155
2024 MAY,7867260.01347003
2024 JUN,7867260.013500376
2024 JUL,7867260.013514354
2024 AUG,7867260.013520792
