YEAR_MONTH,PASSENGERS CARRIED
2023-AUG,6042406.394947352
2023-SEP,6420072.250547151
2023-OCT,6618706.484382636
2023-NOV,6924431.996251449
2023-DEC,6649782.175035223
2024-JAN,6564009.532161622
2024-FEB,6783195.437297907
2024-MAR,6735540.161622502
2024-APR,6503667.957062939
2024-MAY,6412052.880418333
2024-JUN,6484127.329614267
2024-JUL,6616039.485010065
