YEAR_MONTH,PASSENGERS CARRIED
2023 SEP,14.239007210775613
2023 OCT,14.216901584323978
2023 NOV,14.19968963799718
2023 DEC,14.185078911418943
2024 JAN,14.171850854734874
2024 FEB,14.159357751734474
2024 MAR,14.147255310973426
2024 APR,14.135360525454669
2024 MAY,14.123576118404335
2024 JUN,14.111850382669772
2024 JUL,14.100155833482217
2024 AUG,14.088477861402257