YEAR_MONTH,PASSENGERS CARRIED
2023 SEP,7758214.541995554
2023 OCT,7873695.830226101
2023 NOV,7927465.365960212
2023 DEC,7952355.985752768
2024 JAN,7963847.343689663
2024 FEB,7969146.061662477
2024 MAR,7971587.935661305
2024 APR,7972712.959992035
2024 MAY,7973231.220562007
2024 JUN,7973469.952366038
2024 JUL,7973579.919085986
2024 AUG,7973630.572315546
