YEAR_MONTH,PASSENGERS CARRIED
2023 SEP,7873388.323273107
2023 OCT,8070753.333171261
2023 NOV,8028704.2709206045
2023 DEC,8199981.464633217
2024 JAN,7802779.72891002
2024 FEB,7878408.224519413
2024 MAR,8303010.511213938
2024 APR,8195620.8892730195
2024 MAY,8498740.429599501
2024 JUN,8146103.305596379
2024 JUL,8074902.454064974
2024 AUG,8094353.152156434
