YEAR_MONTH,PASSENGERS CARRIED
2023 SEP,7823191.976458706
2023 OCT,7917890.713945812
2023 NOV,8043140.344382605
2023 DEC,8318005.192890851
2024 JAN,7981117.744644355
2024 FEB,8120254.190532239
2024 MAR,8334903.758070886
2024 APR,8072357.516831952
2024 MAY,8602719.607481439
2024 JUN,8177197.834084378
2024 JUL,8428682.505588718
2024 AUG,8304068.160949791
